slope,bias,focal_pixels,focal_cm
6267.75770210785,0.9234001405937714,545.0224088789435,6267.75770210785
